{"train/loss": 2.177, "train/learning_rate": 0.0, "train/epoch": 0.6, "train/global_step": 3000, "_timestamp": 1710832685.3631136, "_runtime": 599.5831277370453, "_step": 306, "eval/rouge-1": 36.590316, "eval/rouge-2": 19.032743999999997, "eval/rouge-l": 31.181736, "eval/bleu-4": 0.14273860102541325, "eval/runtime": 35.323, "eval/samples_per_second": 1.416, "eval/steps_per_second": 0.113, "train/train_runtime": 601.2652, "train/train_samples_per_second": 4.989, "train/train_steps_per_second": 4.989, "train/total_flos": 1.1218345769566208e+16, "train/train_loss": 2.6647164103190106, "_wandb": {"runtime": 902}}