{"train/loss": 2.9576, "train/learning_rate": 4.166666666666667e-05, "train/epoch": 0.1, "train/global_step": 500, "_timestamp": 1710832153.5643373, "_runtime": 67.78435134887695, "_step": 49}