{"train/loss": 0.1932, "train/learning_rate": 1.5384615384615385e-07, "train/epoch": 9.95, "train/global_step": 1050, "_timestamp": 1711397379.474916, "_runtime": 11299.02064204216, "_step": 158, "eval/loss": 3.022676467895508, "eval/accuracy": 0.8428542108503797, "eval/runtime": 32.9312, "eval/samples_per_second": 2.854, "eval/steps_per_second": 2.854, "train/train_runtime": 11264.9199, "train/train_samples_per_second": 0.749, "train/train_steps_per_second": 0.093, "train/total_flos": 3.776071862321152e+16, "train/train_loss": 1.0644639101482574, "_wandb": {"runtime": 11297}}