{"train/loss": 2.3389, "train/learning_rate": 0.0, "train/epoch": 5.99, "train/global_step": 3000, "_timestamp": 1710673812.0672917, "_runtime": 611.8977718353271, "_step": 306, "eval/rouge-1": 26.580252, "eval/rouge-2": 8.097376, "eval/rouge-l": 20.917064, "eval/bleu-4": 0.04313594080076689, "eval/runtime": 27.2364, "eval/samples_per_second": 1.836, "eval/steps_per_second": 0.147, "train/train_runtime": 613.5553, "train/train_samples_per_second": 4.89, "train/train_steps_per_second": 4.89, "train/total_flos": 1.1348070418612224e+16, "train/train_loss": 2.6326031799316407, "_wandb": {"runtime": 643}}