{"train/loss": 1.8867, "train/learning_rate": 0.0, "train/epoch": 11.95, "train/global_step": 3000, "_timestamp": 1710657624.502685, "_runtime": 498.66216015815735, "_step": 306, "eval/rouge-1": 34.129128125, "eval/rouge-2": 17.334921875, "eval/rouge-l": 29.55728125, "eval/bleu-4": 0.1357285826458792, "eval/runtime": 17.8978, "eval/samples_per_second": 2.794, "eval/steps_per_second": 0.112, "train/train_runtime": 500.2265, "train/train_samples_per_second": 11.995, "train/train_steps_per_second": 5.997, "train/total_flos": 2.242879901872947e+16, "train/train_loss": 2.322004502614339, "_wandb": {"runtime": 515}}