{"train/loss": 2.065, "train/learning_rate": 0.0, "train/epoch": 5.99, "train/global_step": 3000, "_timestamp": 1710668789.7609437, "_runtime": 700.2679417133331, "_step": 306, "eval/rouge-1": 31.441874, "eval/rouge-2": 14.454261999999998, "eval/rouge-l": 26.810653999999996, "eval/bleu-4": 0.09628423727121957, "eval/runtime": 26.9922, "eval/samples_per_second": 1.852, "eval/steps_per_second": 0.148, "train/train_runtime": 701.8373, "train/train_samples_per_second": 4.274, "train/train_steps_per_second": 4.274, "train/total_flos": 1.120647110459392e+16, "train/train_loss": 2.655840799967448, "_wandb": {"runtime": 733}}