{"train/loss": 0.1099, "train/learning_rate": 6.944444444444445e-07, "train/epoch": 15.77, "train/global_step": 832, "_timestamp": 1711534317.7713141, "_runtime": 14637.919848203659, "_step": 167, "eval/loss": 3.2894082069396973, "eval/accuracy": 0.8405281521516043, "eval/runtime": 25.9427, "eval/samples_per_second": 3.623, "eval/steps_per_second": 3.623, "train/train_runtime": 14609.7296, "train/train_samples_per_second": 0.924, "train/train_steps_per_second": 0.057, "train/total_flos": 5.978937331862733e+16, "train/train_loss": 0.9085406698644735, "_wandb": {"runtime": 14636}}