{"train/loss": 4.4072, "train/learning_rate": 4.9166666666666665e-05, "train/epoch": 0.01, "train/global_step": 50, "_timestamp": 1710851249.2306118, "_runtime": 18.124067783355713, "_step": 4}