{"train/loss": 2.299, "train/learning_rate": 0.0, "train/epoch": 0.6, "train/global_step": 3000, "_timestamp": 1710837729.2337804, "_runtime": 2235.634086370468, "_step": 360, "eval/rouge-1": 34.633594, "eval/rouge-2": 17.49425, "eval/rouge-l": 28.828087999999997, "eval/bleu-4": 0.1356433407534562, "eval/runtime": 31.9575, "eval/samples_per_second": 1.565, "eval/steps_per_second": 0.125, "train/train_runtime": 2237.2769, "train/train_samples_per_second": 1.341, "train/train_steps_per_second": 1.341, "train/total_flos": 1.128697499222016e+16, "train/train_loss": 2.6675661061604816, "_wandb": {"runtime": 2533}}