{"train/loss": 4.3959, "train/learning_rate": 4.9166666666666665e-05, "train/epoch": 0.01, "train/global_step": 50, "_timestamp": 1710850609.4064028, "_runtime": 17.84177589416504, "_step": 4, "_wandb": {"runtime": 49}}