{"train/loss": 3.1566, "train/learning_rate": 4.4166666666666665e-05, "train/epoch": 0.07, "train/global_step": 350, "_timestamp": 1710835333.6751528, "_runtime": 244.5116147994995, "_step": 40, "eval/rouge-1": 25.259259999999998, "eval/rouge-2": 6.920563999999998, "eval/rouge-l": 20.071256, "eval/bleu-4": 0.0377734292421087, "eval/runtime": 31.3945, "eval/samples_per_second": 1.593, "eval/steps_per_second": 0.127, "_wandb": {"runtime": 265}}